# system info hps on 2022.03.28.11:04:44
system_info:
name,value
DEVICE,5CSXFC6D6F31C6
DEVICE_FAMILY,Cyclone V
GENERATION_ID,1648479877
#
#
# Files generated for hps on 2022.03.28.11:04:44
files:
filepath,kind,attributes,module,is_top
simulation/hps.vhd,VHDL,,hps,true
simulation/submodules/hps_hps_0.v,VERILOG,,hps_hps_0,false
simulation/submodules/hps_led.vhd,VHDL,,hps_led,false
simulation/submodules/verbosity_pkg.sv,SYSTEM_VERILOG, COMMON_SYSTEMVERILOG_PACKAGE=avalon_vip_verbosity_pkg,hps_hps_0_fpga_interfaces,false
simulation/submodules/avalon_utilities_pkg.sv,SYSTEM_VERILOG, COMMON_SYSTEMVERILOG_PACKAGE=avalon_vip_avalon_utilities_pkg,hps_hps_0_fpga_interfaces,false
simulation/submodules/avalon_mm_pkg.sv,SYSTEM_VERILOG, COMMON_SYSTEMVERILOG_PACKAGE=avalon_vip_avalon_mm_pkg,hps_hps_0_fpga_interfaces,false
simulation/submodules/altera_avalon_mm_slave_bfm.sv,SYSTEM_VERILOG,,hps_hps_0_fpga_interfaces,false
simulation/submodules/questa_mvc_svapi.svh,SYSTEM_VERILOG,,hps_hps_0_fpga_interfaces,false
simulation/submodules/mgc_common_axi.sv,SYSTEM_VERILOG,,hps_hps_0_fpga_interfaces,false
simulation/submodules/mgc_axi_master.sv,SYSTEM_VERILOG,,hps_hps_0_fpga_interfaces,false
simulation/submodules/mgc_axi_slave.sv,SYSTEM_VERILOG,,hps_hps_0_fpga_interfaces,false
simulation/submodules/altera_avalon_interrupt_sink.sv,SYSTEM_VERILOG,,hps_hps_0_fpga_interfaces,false
simulation/submodules/altera_avalon_clock_source.sv,SYSTEM_VERILOG,,hps_hps_0_fpga_interfaces,false
simulation/submodules/altera_avalon_reset_source.sv,SYSTEM_VERILOG,,hps_hps_0_fpga_interfaces,false
simulation/submodules/hps_hps_0_fpga_interfaces.sv,SYSTEM_VERILOG,,hps_hps_0_fpga_interfaces,false
simulation/submodules/hps_hps_0_hps_io.v,VERILOG,,hps_hps_0_hps_io,false
simulation/submodules/verbosity_pkg.sv,SYSTEM_VERILOG, COMMON_SYSTEMVERILOG_PACKAGE=avalon_vip_verbosity_pkg,hps_hps_0_hps_io_border,false
simulation/submodules/avalon_utilities_pkg.sv,SYSTEM_VERILOG, COMMON_SYSTEMVERILOG_PACKAGE=avalon_vip_avalon_utilities_pkg,hps_hps_0_hps_io_border,false
simulation/submodules/avalon_mm_pkg.sv,SYSTEM_VERILOG, COMMON_SYSTEMVERILOG_PACKAGE=avalon_vip_avalon_mm_pkg,hps_hps_0_hps_io_border,false
simulation/submodules/altera_avalon_mm_slave_bfm.sv,SYSTEM_VERILOG,,hps_hps_0_hps_io_border,false
simulation/submodules/altera_avalon_interrupt_sink.sv,SYSTEM_VERILOG,,hps_hps_0_hps_io_border,false
simulation/submodules/altera_avalon_clock_source.sv,SYSTEM_VERILOG,,hps_hps_0_hps_io_border,false
simulation/submodules/altera_avalon_reset_source.sv,SYSTEM_VERILOG,,hps_hps_0_hps_io_border,false
simulation/submodules/hps_hps_0_hps_io_border_memory.sv,SYSTEM_VERILOG,,hps_hps_0_hps_io_border,false
simulation/submodules/hps_hps_0_hps_io_border_hps_io.sv,SYSTEM_VERILOG,,hps_hps_0_hps_io_border,false
simulation/submodules/hps_hps_0_hps_io_border.sv,SYSTEM_VERILOG,,hps_hps_0_hps_io_border,false
#
# Map from instance-path to kind of module
instances:
instancePath,module
hps.hps_0,hps_hps_0
hps.hps_0.fpga_interfaces,hps_hps_0_fpga_interfaces
hps.hps_0.hps_io,hps_hps_0_hps_io
hps.hps_0.hps_io.border,hps_hps_0_hps_io_border
hps.led,hps_led
